Time (s),Flower 1 Angle (deg),Flower 2 Angle (deg),Flower 3 Angle (deg),Flower 4 Angle (deg)
10,218.4659615,316.1178246,312.1638123,321.1282804
20,218.826446,315.9805166,311.8435035,320.9964741
30,219.5775748,316.2605839,311.744482,320.865157
40,219.9427515,316.2544516,311.8435035,320.9964741
50,220.3099627,316.397181,311.8435035,320.865157
60,220.8150839,316.5330977,312.1533831,320.7582602
70,221.3208576,316.6683374,312.0535526,320.6273317
80,221.5587407,316.8116713,312.0535526,320.6273317
90,221.9335145,316.9461951,312.0535526,320.7582602
100,221.9197899,316.8116713,312.1638123,320.6273317
110,222.0412779,316.9461951,312.273689,320.6273317
120,222.1886264,317.0800462,312.4738831,320.2812406
130,222.5769026,317.2132282,312.273689,320.2812406
140,222.699175,317.3457445,312.4922983,320.4118692
150,222.9454271,317.4895529,312.3735944,320.5198463
160,222.9361803,317.7524854,312.3735944,320.3893118
170,223.3341493,318.0272452,312.4738831,320.7343279
180,223.0607032,317.7657618,312.692627,320.865157
190,223.3266666,318.5935662,312.692627,320.9715659
200,223.1858081,318.4640407,312.692627,320.9715659
210,223.3191164,318.7404062,312.7933644,320.8408375
220,223.3191164,318.8691846,312.7933644,320.9468631
230,223.4518423,318.8506388,313.0033411,320.8408375
240,223.7155565,318.9973034,312.9021914,320.7105931
250,223.4656585,318.9973034,312.7933644,320.8408375
260,223.2100894,318.8506388,312.7933644,320.6039854
270,222.8317077,319.1050985,313.111812,320.6039854
280,222.7195147,319.2515779,313.2133715,320.6039854
290,222.9726773,319.3777409,313.2133715,320.5808315
300,222.7493591,319.3777409,313.2133715,320.7105931
310,222.7493591,319.0856168,313.111812,320.4741282
320,222.8789036,319.6501848,313.3153157,320.8408375
330,222.3804512,319.5464834,313.4176461,320.5808315
340,222.2618535,319.6281375,312.9959929,320.6870534
350,222.0517493,319.6281375,313.2133715,320.6870534
360,221.5761288,319.8990925,313.4117993,320.8167181
370,221.3322119,319.5032596,313.2133715,320.8167181
380,221.1214755,319.6281375,313.3153157,321.2085985
390,221.6193677,319.6281375,313.4176461,321.1829302
400,222.21614,319.6062979,313.5203642,321.1027797
410,222.3200261,319.6062979,313.5311993,321.1829302
420,222.4578822,319.8990925,313.4292114,321.5501616
430,222.5838897,319.8990925,313.5311993,321.4187867
440,222.6997149,319.7523785,313.4292114,321.1027797
450,222.4578822,319.5846629,313.4292114,321.0774894
460,222.5736642,319.5846629,313.5311993,320.9715659
470,222.4578822,319.8759862,313.4292114,320.9715659
480,222.2278432,319.9989643,313.638565,320.9715659
490,222.2278432,319.8530964,313.9583733,320.9715659
500,222.1014232,319.9755581,314.1605615,320.9468631
510,222.2278432,319.6858998,313.7546357,320.8408375
520,222.2278432,319.83042,314.0676013,320.8408375
530,221.7466881,319.807954,314.0642175,321.0774894
540,221.6335393,319.807954,314.0676013,320.9715659
550,221.6193677,319.807954,314.2721436,321.2085985
560,221.408741,319.807954,314.2721436,321.3139334
570,221.1377909,319.7856955,314.3772443,321.2085985
580,221.1377909,319.7856955,314.4819691,321.3139334
590,221.0424469,319.7856955,314.4819691,321.3139334
600,220.7858215,319.5419957,314.5848205,321.1829302
610,220.583001,319.7636417,314.3794924,321.3139334
620,220.2165191,319.6641508,314.5833108,321.0774894
630,220.127937,319.6641508,314.6880478,321.1027797
640,220.127937,320.0269678,314.6880478,321.2878907
650,220.0200004,320.0269678,314.5833108,321.0774894
660,219.891504,320.1467023,314.6880478,321.2085985
670,219.891504,319.9066334,314.7924075,321.3139334
680,219.5484489,320.1467023,314.7924075,321.3139334
690,219.6772493,320.6974308,315,321.6820166
700,219.5484489,320.4592394,315.1043638,321.6820166
710,219.4191685,320.6974308,315.2083474,322.0510864
720,219.6330589,320.5786363,315.1043638,322.0510864
730,219.7625239,320.8156265,315.3119522,322.0510864
740,219.7187594,320.8156265,315.4182099,321.7098368
750,219.8488949,321.2234404,315.4166892,322.0804744
760,219.8488949,320.7890088,315.5180309,322.1842674
770,220.066697,320.933227,315.4151795,322.0510864
780,219.9575489,320.8424893,315.5199111,322.2875781
790,219.978539,321.0502358,315.6250201,322.4211159
800,220.1965142,321.0502358,315.8303155,322.5238204
810,220.3258363,321.3112106,315.8273184,322.5238204
820,220.1965142,321.3112106,316.2453643,322.7920781
830,220.1559996,321.5420381,316.0416267,322.7598058
840,219.8935154,321.512423,316.2453643,322.5551345
850,219.8499177,321.512423,316.1395488,322.9269267
860,219.8278392,321.512423,316.0378535,322.6577097
870,219.3624571,322.2859591,316.3515553,322.8614254
880,219.8278392,322.2859591,316.6602824,323.265154
890,219.8956233,322.6201725,316.8676788,323.265154
900,219.9394916,322.9107195,317.1826303,323.6013849
910,219.961145,323.384587,317.4895529,323.6371314
920,219.8935154,323.9324096,317.6967212,324.3835652
930,220.02501,324.6949727,318.3298187,324.579892
940,219.5653844,324.9930201,318.5374194,325.1875465
950,219.5424465,325.6513893,318.8556337,325.5610107
960,219.386395,326.3608168,319.1747699,325.5610107
970,219.3014514,326.7682889,319.1747699,325.5610107
980,219.0355129,327.3311395,319.4785044,325.7954536
990,218.9017881,327.6421523,319.5739213,326.2632367
1000,218.6865695,327.6001598,319.4785044,325.8900198
1010,218.5525631,327.6421523,319.4785044,326.1695019
1020,218.9017881,327.7575322,319.4785044,325.6562193
1030,218.6328201,327.2423312,319.366839,325.4220592
1040,218.9275436,327.3996664,319.366839,325.2835707
1050,218.5797117,327.3996664,319.366839,324.870876
1060,218.6865695,327.1865772,319.5739213,325.1038837
1070,218.5797117,327.4433342,319.5905432,325.1455444
1080,218.3395743,327.5430144,319.6858998,324.8147867
1090,218.2338252,327.9553193,319.7808839,325.1455444
1100,218.2338252,328.1127117,320.1003163,325.8900198
1110,218.2053016,328.4652081,320.1188658,325.4742348
1120,217.9945365,329.0678114,320.2132824,325.8900198
1130,217.8298807,329.0362435,320.4205953,325.9390912
1140,217.8600122,329.0362435,320.5342351,326.077779
1150,217.724995,329.0362435,320.4205953,325.6562193
1160,217.724995,328.9741006,320.4205953,325.8452567
1170,217.8298807,328.5106089,320.0058326,325.0079798
1180,218.1765376,328.0516653,320.2132824,324.9669468
1190,218.2830448,327.8996935,320.1188658,324.3653095
1200,218.3900561,327.5972614,319.798251,323.7641008
1210,218.6865695,327.40494,319.9109758,323.826371
1220,218.5797117,326.9609929,319.9109758,323.7282964
1230,218.8200758,327.067769,320.0240753,323.7282964
1240,218.6865695,327.3194453,320.3266206,323.9239884
1250,218.525185,327.5288077,320.440332,323.9239884
1260,218.3333401,327.8388163,320.741704,323.6575515
1270,218.3046172,327.6835467,320.440332,323.5250124
1280,218.5504653,327.781334,320.6482474,323.6575515
1290,218.4133174,327.9753318,320.741704,323.7905432
1300,218.4133174,327.9178128,320.8560136,323.9239884
1310,218.0590166,327.4174458,321.1561835,324.0211515
1320,218.2756469,331.1410653,320.0240753,323.8878517
1330,218.0290042,329.8227918,319.6072861,324.0578881
1340,218.1374524,328.4291163,319.511239,323.8878517
1350,218.0290042,326.9518751,319.3987054,323.826371
1360,217.9987324,328.4846766,319.205357,323.6927811
1370,217.9987324,327.2647737,318.8838456,323.826371
1380,217.7513016,326.8738491,318.786112,323.5596474
1390,218.1075769,326.5921754,318.8981067,323.826371
1400,217.8904148,326.3099325,318.5763344,323.6927811
1410,217.8282878,326.1965879,318.5763344,323.826371
1420,217.8904148,326.0825695,318.8000421,323.6927811
1430,217.7197109,325.7437871,318.8000421,323.9604178
1440,217.7197109,325.7437871,318.6879963,323.9604178
1450,217.8904148,325.628548,318.8000421,323.7905432
1460,217.7513016,325.628548,318.8000421,323.7905432
1470,217.5365055,325.5126272,318.8140748,323.6575515
1480,217.6116635,325.8524909,319.0104847,323.8878517
1490,217.2572633,325.5126272,318.786112,324.0211515
1500,217.3971445,325.5754114,318.786112,324.0211515
1510,217.6116635,325.5754114,319.1081122,324.0211515
1520,217.6116635,325.2919507,319.0104847,324.1549031
1530,217.6116635,325.2919507,319.123247,324.2514655
1540,217.7197109,325.1755108,319.123247,324.3475778
1550,217.6878451,325.0079798,319.2208189,324.4814783
1560,217.7197109,325.0079798,319.123247,324.4814783
1570,217.4385716,325.1246717,319.2208189,324.3475778
1580,217.4385716,324.8411318,319.4310393,324.3099402
1590,217.4385716,324.8411318,319.4310393,324.3099402
1600,216.9408961,324.8411318,319.2208189,324.5769901
1610,217.1168607,324.7235113,319.3180071,324.5384627
1620,217.1895856,325.0583866,319.5444546,324.5384627
1630,217.2572633,325.1755108,319.5444546,324.5384627
1640,217.1509293,325.3437262,319.6582541,324.6720562
1650,216.9759354,325.3437262,319.2208189,324.3099402
1660,217.1895856,325.3437262,319.4310393,324.4432427
1670,216.9759354,325.3437262,319.6411402,324.6720562
1680,217.082497,325.4599091,319.868997,324.1770817
1690,217.082497,325.1092985,319.6411402,324.4053115
1700,217.082497,325.9128394,319.7548768,324.3099402
1710,217.2235708,325.682215,319.6411402,324.6720562
1720,217.2235708,325.8524909,319.9469736,324.5002413
1730,217.2235708,325.8524909,319.9469736,324.6332405
1740,217.1895856,325.9678722,319.9469736,324.5002413
1750,217.3641189,325.9678722,319.7548768,324.6332405
1760,216.9408961,326.0825695,320.0609614,324.6332405
1770,217.0478343,326.0825695,320.0609614,323.9126938
1780,217.2633082,326.4240673,320.2706708,324.2726018
1790,217.0478343,326.023456,320.1563713,324.1770817
1800,217.0478343,326.3099325,320.1563713,324.4053115
1810,217.1895856,326.7682889,320.1753303,324.9005587
1820,217.3308067,326.8811576,320.1753303,324.4053115
1830,217.0478343,326.9933487,320.4802385,324.1770817
1840,217.0478343,327.1658814,319.8511161,324.7666794
1850,217.2972044,327.6235636,320.3853505,324.7666794
1860,217.0478343,327.6235636,320.3853505,324.8458224
1870,217.2633082,327.7334909,320.3853505,324.8458224
1880,217.0478343,327.842754,320.2514018,324.8458224
1890,217.0478343,327.9727064,320.3853505,324.8458224
1900,217.1895856,327.9513584,320.5747471,324.9809088
1910,217.0478343,328.0819911,320.0424511,324.8458224
1920,217.1553039,327.9074087,320.3853505,324.8458224
1930,216.9759354,328.0163527,320.3853505,324.8458224
1940,217.2235708,327.842754,320.3853505,324.9809088
1950,217.1895856,327.9513584,320.5004115,324.8458224
1960,217.082497,327.9513584,320.5004115,324.8458224
1970,217.082497,327.9513584,320.2900812,324.8458224
1980,217.082497,328.2985703,320.5004115,324.711183
1990,216.9408961,328.4058752,320.3853505,325.2524258
2000,217.1168607,328.4058752,320.5004115,324.9809088
2010,216.9408961,328.5125306,320.5004115,325.1164431
2020,216.9759354,328.5125306,320.5004115,325.1164431
2030,216.9759354,328.4058752,320.6158547,324.8458224
2040,216.9759354,327.9946168,320.5004115,325.2524258
2050,216.8698976,328.7921363,320.5004115,325.2524258
2060,216.8344862,328.6185417,320.6158547,325.2524258
2070,216.7286013,328.4058752,320.7105931,325.2524258
2080,216.8344862,328.6185417,320.6158547,325.1164431
2090,216.7286013,328.7239134,320.731681,325.5257397
2100,216.7286013,328.7239134,320.826342,325.5257397
2110,216.8698976,328.7239134,320.826342,325.3466835
2120,216.6232384,328.8971763,320.8478915,325.6196553
2130,216.6925119,328.8971763,320.9424732,325.713123
2140,216.5183942,329.0015818,321.0589877,326.0801992
2150,216.4444418,329.0015818,321.0589877,326.1724229
2160,216.3768914,329.1751421,321.0366717,326.1724229
2170,216.3768914,329.2785807,321.1531042,326.3099325
2180,216.2727223,329.1751421,321.2468382,326.2642056
2190,216.2348719,329.4835888,321.2468382,326.7208115
2200,216.3768914,329.3813946,321.3635682,326.6775026
2210,216.4815773,329.4524283,321.3635682,326.5392979
2220,216.0923346,329.5548996,321.4806797,327.1355951
2230,215.924393,329.3813946,321.4806797,327.1355951
2240,215.924393,329.6567511,321.4806797,327.3640559
2250,215.9884936,329.6567511,321.4806797,327.4529528
2260,215.6398092,330.1799274,321.5981735,327.3640559
2270,215.2261779,330.4786382,321.8090502,327.87174
2280,215.0361958,331.2772587,322.1381969,328.0998431
2290,214.786027,331.4052853,322.4681007,328.2405199
2300,214.717465,331.3428825,322.9484039,328.5547777
2310,214.1285471,331.6992442,323.0394446,328.6407168
2320,213.9378851,331.8703545,322.9484039,328.4684149
2330,213.5912818,331.6207569,322.9484039,328.4684149
2340,213.6403316,331.7784549,323.1908614,328.6958765
2350,213.2420645,331.8821303,323.2816781,328.7514755
2360,213.3919135,331.8821303,323.2816781,329.4015378
2370,213.3407073,331.6992442,323.2509156,329.0926369
2380,213.1439371,331.5286825,323.2509156,329.4015378
2390,212.9492151,331.6992442,323.2509156,329.2339117
2400,213.1439371,331.7909593,323.2509156,329.2607116
2410,212.7031577,332.2234362,323.3721105,329.82648
2420,212.8526136,332.0525136,323.2509156,329.6844219
2430,212.7031577,332.2234362,323.3721105,329.82648
2440,212.7031577,332.5734231,323.7054635,329.6844219
2450,212.3624202,332.6618893,323.7379923,329.82648
2460,212.4027386,332.7498302,323.9169997,329.9910847
2470,212.4027386,332.7498302,323.6156482,330.1330831
2480,212.2517744,332.83725,323.9502934,330.1330831
2490,212.4436197,332.83725,323.7379923,329.9689488
2500,212.1392069,332.83725,323.9169997,329.9689488
2510,212.0246682,332.924153,323.9169997,330.1330831
2520,211.9284504,333.0105434,323.794897,329.9689488
2530,212.0246682,333.0939065,324.0394828,330.418296
2540,212.0246682,333.0964253,324.162347,329.9689488
2550,212.0246682,333.0913501,324.0394828,330.214541
2560,211.8907918,333.0913501,324.0394828,330.4992754
2570,212.1566089,332.9164491,323.7054635,330.1330831
2580,212.1180222,332.9125094,323.8839507,330.7225801
2590,212.1180222,333.0861204,323.8839507,330.2955961
2600,212.1736248,333.4349488,323.8839507,330.6422465
2610,211.8741001,333.3472065,323.794897,330.4992754
2620,211.8741001,333.6989828,323.9169997,330.4375242
2630,211.6306614,333.3472065,323.8276872,330.802514
2640,211.4799208,333.172126,323.9502934,330.9453959
2650,211.3286929,333.3478732,323.9502934,330.9453959
2660,211.6075022,333.3478732,324.0394828,331.024687
2670,211.1167081,333.3478732,324.162347,331.024687
2680,211.1769775,333.1741201,324.0732828,331.7545597
2690,210.9637565,333.1741201,324.3204134,331.8316688
2700,211.1167081,333.0008982,324.3204134,331.8316688
2710,211.0247744,333.3478732,324.4445561,331.5451645
2720,211.1167081,333.1741201,324.4801547,331.6770624
2730,211.1167081,332.9164491,324.5690844,331.8316688
2740,210.8103135,332.9164491,324.6939991,331.8316688
2750,211.0247744,332.9164491,324.7306427,331.6770624
2760,211.0247744,332.5734231,324.8564708,331.8214099
2770,210.8720834,332.5798514,324.8564708,331.8316688
2780,210.9637565,332.4915407,324.7306427,331.7545597
2790,210.8103135,332.6676405,324.9826892,331.8986487
2800,210.8720834,332.83725,324.9826892,332.4158175
2810,210.6279833,332.83725,324.9826892,331.9754995
2820,210.6279833,332.83725,324.8564708,331.9754995
2830,210.7808983,332.924153,325.071067,332.1280475
2840,210.6279833,332.924153,325.0206727,332.4158175
2850,210.6279833,332.924153,324.9449897,332.1197156
2860,210.6279833,333.0964253,325.1092985,332.0519649
2870,210.2308015,333.2654352,324.9826892,332.1959203
2880,210.2308015,333.2654352,325.1092985,332.0519649
2890,210.4110813,333.4349488,325.1092985,332.1959203
2900,210.4475923,333.098907,325.1092985,332.2717426
2910,210.1413856,333.5189602,325.0206727,332.2717426
2920,209.9875651,333.2679062,325.1092985,332.4909973
2930,210.1663293,332.935289,325.1866298,332.4909973
2940,209.8332665,333.5183487,325.1478183,332.2717426
2950,209.9875651,333.5183487,325.2753582,332.4969405
2960,209.5903861,333.1872741,325.2753582,332.7838884
2970,209.6784899,333.5183487,325.1866298,333.1455787
2980,209.5027569,333.6836988,325.2753582,333.2900799
2990,209.3480719,333.8471416,325.1363591,332.8576809
3000,209.3480719,333.6000659,325.1866298,332.8576809
3010,209.2799721,333.8471416,325.225736,332.8576809
3020,209.3675027,333.6819119,325.0975044,332.8576809
3030,209.1929159,333.6819119,325.225736,332.6402286
3040,209.3675027,334.0982567,325.225736,332.8576809
3050,209.2112923,334.0128405,325.1866298,332.8540229
3060,209.2112923,334.179008,325.4431941,333.0014455
3070,208.9509952,334.179008,325.4431941,332.7097245
3080,209.2112923,334.6713564,325.4431941,332.8540229
3090,208.9676606,334.6713564,325.5720731,332.998695
3100,208.8974384,334.6713564,325.5720731,332.5658001
3110,208.9676606,334.4973736,325.6128319,332.7097245
3120,208.9676606,334.8281338,325.7013507,332.7097245
3130,208.6389225,334.5839938,325.6128319,333.0014455
3140,208.9676606,334.5050042,325.4833992,332.8576809
3150,208.5675843,334.5050042,325.7894704,333.1455787
3160,208.653453,334.5050042,325.7013507,333.1455787
3170,208.5675843,334.0087071,325.7013507,333.0014455
3180,208.4956386,333.6801504,325.3543674,332.8540229
3190,208.4956386,333.5165667,325.3147131,333.0723221
3200,208.4956386,333.9246444,325.3147131,333.2900799
3210,208.3249823,333.6784138,325.1363591,333.2909899
3220,208.3373509,333.5159895,325.0589433,333.1455787
3230,208.1785901,333.1130658,324.8422381,333.1455787
3240,208.3373509,332.710743,324.498471,333.4349488
3250,208.1785901,332.4680233,324.498471,333.1455787
3260,208.1785901,332.4747743,324.3720927,333.580185
3270,208.1785901,332.3163449,324.2814649,333.2900799
3280,208.1785901,332.1583739,324.2814649,333.4349488
3290,208.0193566,332.0008617,324.0296373,333.5072919
3300,207.8596507,332.0935572,324.0641899,333.5072919
3310,207.7753453,330.0592737,323.5087033,333.5072919
3320,207.8596507,329.9074808,323.2879416,333.7239541
3330,207.9347315,329.7308868,323.0983947,333.7239541
3340,207.8505752,329.7308868,323.3527944,333.7239541
3350,207.8505752,329.5790294,323.2576387,333.7239541
3360,207.9347315,329.9074808,323.2576387,333.8689995
3370,207.6915084,329.9074808,323.2253835,333.8689995
3380,207.4489272,329.7810764,323.1301024,334.1601731
3390,207.6081364,329.6311938,322.8763021,334.1601731
3400,207.4489272,329.6311938,322.84568,334.2306724
3410,207.289257,329.718657,322.4987695,334.376514
3420,206.9685359,330.1048491,322.7199523,334.376514
3430,207.2115205,329.8056653,322.3737664,334.3825025
3440,206.8869342,329.4207731,322.4987695,334.4463708
3450,206.8869342,329.2725134,322.4024756,334.7385469
3460,206.8869342,327.2647737,322.0165017,334.8161784
3470,206.8869342,326.405505,321.7034315,334.8161784
3480,206.8846896,325.120407,321.1232546,334.7385469
3490,206.8846896,324.8814061,320.883757,334.7385469
3500,206.2436196,325.4125452,320.883757,334.7385469
3510,206.5650512,326.3099325,321.3401917,334.8074729
3520,206.4034274,327.0190025,321.5819447,334.7385469
3530,206.2413497,327.4378415,321.6779314,334.8074729
3540,206.0788186,327.8517794,321.5569465,334.8074729
3550,205.915835,327.7619267,321.8686913,335.1004757
3560,205.915835,327.8517794,321.8427734,334.9537992
3570,205.7523996,327.8881851,321.7478987,335.3948761
3580,205.5885131,328.1725534,321.9634685,334.8851651
3590,205.4241765,327.9241206,321.8686913,335.2475015
3600,205.5885131,327.1849607,321.7224765,335.3151956
3610,205.2593905,326.449338,321.268721,335.2475015
3620,205.4322314,325.7568126,321.126933,335.2475015
3630,204.9515122,325.3888578,320.6999096,335.2475015
3640,205.0278215,324.870876,320.4656954,335.2475015
3650,204.9515122,324.598048,320.2525775,335.2475015
3660,204.6991347,324.1922431,320.2330509,335.3948761
3670,204.3687043,324.1922431,320.3491774,335.6764424
3680,204.3687043,324.1922431,320.4453859,335.4622715
3690,204.1284029,324.4237652,320.4656954,335.4622715
3700,204.2938876,324.7903847,320.3491774,335.6096929
3710,204.4589419,325.0215699,320.5618285,335.7428496
3720,203.962489,325.157719,320.4656954,335.7574591
3730,204.1284029,325.8061456,320.7958864,336.037511
3740,203.8156712,326.0353542,320.7958864,335.7428496
3750,203.6705385,326.0353542,320.7958864,335.8900108
3760,203.3405286,326.2642056,320.9135037,335.6764424
3770,203.5057402,325.9908662,320.7743259,336.037511
3780,203.0088701,325.8061456,320.7529247,336.037511
3790,203.2460994,325.4404946,320.4453859,335.9717106
3800,203.0088701,325.5338618,320.6999096,335.8239057
3810,202.7724314,325.2633428,320.4656954,335.8239057
3820,202.8424257,325.2633428,320.4861564,335.6764424
3830,202.6059784,324.9809088,320.8615414,335.7574591
3840,202.4391218,325.1696416,320.7865103,336.1198562
3850,202.2413566,325.3048465,320.590796,335.8239057
3860,202.0724697,325.6196553,320.6122032,336.1853496
3870,202.0724697,325.6196553,321.0724564,336.1853496
3880,201.8352323,325.6196553,320.9061411,335.8900108
3890,202.0402827,325.6196553,321.2674814,336.4820383
3900,201.8014095,325.8061456,321.4608651,336.3335256
3910,201.4962869,325.9908662,321.6779314,336.1853496
3920,201.8352323,326.4926935,321.4363659,336.1853496
3930,201.4295837,326.7635713,322.0165017,336.2505055
3940,201.4295837,327.3532082,321.9211176,336.1853496
3950,201.3262184,327.1670495,322.0165017,336.037511
3960,201.0899077,327.1670495,322.2334796,336.037511
3970,200.8790169,327.3039236,321.8948053,336.2683417
3980,201.010936,327.1670495,322.1386032,336.037511
3990,200.8379677,326.4889812,322.3558822,336.3335256
4000,200.8379677,326.4889812,322.6668043,335.8900108
4010,200.8379677,326.3996674,322.7602585,336.1853496
4020,200.4908376,326.1752248,323.1916776,335.9055693
4030,200.3166795,325.9973319,323.0686262,336.037511
4040,200.4908376,328.1153482,322.6310772,336.2028186
4050,200.7069367,332.5432577,323.6769854,336.0540228
4060,200.7069367,337.9449307,326.5369352,336.2028186
4070,200.8136491,342.062302,328.2985703,336.1198562
4080,200.7069367,343.6902865,328.8438843,335.987847
4090,200.7069367,344.4190762,329.2830883,336.3519561
4100,200.5993363,344.8530156,329.7781617,336.5663293
4110,199.9671866,344.6831402,329.9168009,336.5663293
4120,199.8406981,344.5135402,329.9970314,336.5663293
4130,200.1883537,344.2703612,329.9970314,336.5663293
4140,199.9671866,344.2229085,330.2154539,336.4820383
4150,199.8406981,343.9830142,330.2154539,336.993176
4160,199.9671866,343.5812916,329.8586144,336.6951095
4170,200.0782295,343.3173392,330.2154539,336.6308868
4180,199.6662959,342.8092398,330.2154539,336.7158296
4190,199.8406981,341.3504612,330.1358355,336.8439769
4200,199.6662959,339.4439548,329.4524283,336.3519561
4210,199.2550778,337.3034168,328.2664808,336.4820383
4220,199.3163528,334.9732126,327.1025983,336.3519561
4230,199.1408159,333.3622385,326.569972,336.6308868
4240,198.9045758,331.3379342,327.7040236,336.4820383
4250,198.9045758,329.5588501,327.6224664,336.0540228
4260,198.8446154,327.9946168,327.8810314,336.3519561
4270,198.4349488,326.442357,328.0108663,335.9055693
4280,198.4349488,325.2547189,328.0598553,336.0540228
4290,198.259375,324.1124006,328.271642,335.9055693
4300,198.259375,323.7974107,328.3722053,335.7722547
4310,198.3175396,323.4146817,328.6655735,335.7722547
4320,198.0834454,323.9842556,328.7976229,335.987847
4330,197.9071623,324.81292,329.1959897,336.1198562
4340,197.8503183,326.0893955,329.1959897,336.2683417
4350,197.9643575,327.3700264,329.3295185,336.4171664
4360,197.9071623,328.486924,329.4634175,336.2028186
4370,197.730528,329.5020526,329.6534575,336.3519561
4380,197.9071623,329.7205848,329.6534575,336.2028186
4390,197.8503183,329.7205848,330.0807913,336.4171664
4400,197.4976782,329.445687,330.1384664,336.2683417
4410,197.7938224,329.0362435,330.3522301,336.1198562
4420,197.7938224,328.547939,330.1384664,336.4171664
4430,197.7938224,328.0615511,330.5479396,336.2683417
4440,197.7938224,327.3595087,330.8227727,336.2683417
4450,197.442155,326.5279519,330.9607444,335.6906685
4460,197.442155,325.961104,330.8227727,336.1198562
4470,197.3869722,325.4345876,330.9607444,335.9717106
4480,197.442155,324.8658069,331.2512968,335.6906685
4490,197.3869722,325.0465801,331.3895403,335.6906685
4500,197.3208418,324.9950345,331.5919087,335.8390849
4510,197.3208418,325.5239116,331.7314872,335.5425987
4520,197.3208418,325.6952887,331.6450382,335.5425987
4530,197.2111153,325.915098,331.6450382,335.5425987
4540,197.4976782,326.7910308,331.9275131,335.6906685
4550,197.3208418,326.8367754,331.9938495,335.7574591
4560,197.2658095,327.0091598,332.2114812,335.7574591
4570,197.1567561,327.0091598,332.1362745,335.6096929
4580,197.1567561,326.6592927,332.1362745,335.3271326
4590,197.1567561,326.6592927,332.5658001,335.1794587
4600,197.1567561,326.3970081,332.6402286,335.1794587
4610,196.9121068,326.2664607,332.7838884,335.1794587
4620,196.7347545,326.0489057,333.0014455,335.1110646
4630,196.5043614,326.0065537,333.0723221,335.3271326
4640,196.5570714,325.961104,333.2900799,335.3271326
4650,195.9453959,323.995345,333.3626969,335.8390849
4660,196.42035,323.8705559,333.2900799,336.2864051
4670,196.3690629,323.7794061,333.1455787,336.3519561
4680,196.7853773,323.7461623,333.5072919,336.0540228
4690,196.7853773,323.7461623,333.6522516,336.2683417
4700,196.6821206,323.6221635,333.580185,336.2683417
4710,197.3852882,323.6221635,333.9400623,336.136954
4720,197.6125778,323.6221635,334.0107664,336.2028186
4730,197.3953114,323.803779,334.014406,336.2028186
4740,197.0644978,324.1762033,334.3008141,336.2028186
4750,196.4981484,324.0859712,334.3063003,336.2683417
4760,195.7992956,323.8705559,334.1601731,336.2683417
4770,195.3501365,323.6221635,334.7385469,336.3335256
4780,194.6056782,323.6804184,334.3063003,336.2683417
4790,194.5214155,323.3438916,334.8943982,336.4171664
4800,194.5214155,323.0686262,334.8943982,336.4171664
4810,194.0801483,322.8533133,335.0423167,336.3335256
4820,194.4307759,322.7309421,334.8161784,336.4820383
4830,194.3412371,322.6089673,334.8943982,336.6951095
4840,194.4257103,322.701845,335.1110646,336.3983729
4850,194.2527798,322.701845,335.4073658,336.2505055
4860,194.3373446,322.916085,335.4073658,336.4628859
4870,194.4207731,322.7943291,335.7050762,336.3153264
4880,194.3770322,322.916085,335.7050762,336.3983729
4890,194.5912523,322.916085,335.5560452,336.4439726
4900,194.2500327,323.0382332,336.0041898,336.4439726
4910,194.2473544,323.0382332,336.0707452,336.1680995
4920,194.58431,323.0382332,336.0707452,336.2505055
4930,194.6644615,322.8237107,336.0707452,336.3153264
4940,194.6644615,322.8237107,336.2205109,336.4628859
4950,194.9980531,322.8237107,336.0707452,336.2328923
4960,194.9980531,322.701845,336.2205109,336.5270672
4970,194.9980531,322.7943291,336.5210786,336.3798146
4980,194.7435628,322.7943291,336.5210786,336.3798146
4990,195.0748494,322.7943291,336.3706223,336.590919
5000,195.0304305,322.8864216,336.5863362,336.7381924
5010,194.9093336,322.8864216,336.8876333,336.4439726
5020,194.7435628,322.8864216,336.8230224,336.885792
5030,194.9093336,322.4873882,336.8876333,336.885792
5040,194.5775392,322.4592937,337.0387918,337.0337169
5050,194.411265,322.2454136,337.0387918,337.0963116
5060,194.7435628,322.2454136,337.0387918,337.2442462
5070,194.7000316,322.0313303,337.0387918,337.3925019
5080,194.5344551,322.0578466,337.1902889,337.3305391
5090,194.2840968,321.93725,337.1902889,337.2682537
5100,194.2840968,321.7478987,337.1902889,337.3551804
5110,194.1189213,321.7478987,337.1902889,337.3551804
5120,194.1189213,321.6275062,337.3421237,337.5670091
5130,193.828651,321.8427734,337.3421237,337.7168717
5140,193.7878529,321.8427734,337.0620405,337.4174694
5150,193.7878529,321.93725,337.4054089,337.5670091
5160,193.6219645,321.93725,337.1263348,337.5670091
5170,193.5818524,322.0578466,337.5838525,337.7168717
5180,193.9535059,321.9634685,337.6468023,337.5670091
5190,193.7472903,321.9634685,337.6468023,337.7168717
5200,193.5818524,321.9634685,337.799644,337.6552327
5210,193.455843,321.9634685,337.799644,337.8670563
5220,193.4161835,321.8427734,337.799644,337.8670563
5230,193.2894907,321.8170495,337.9528192,337.8952806
5240,193.0841614,321.8427734,337.9528192,337.8336542
5250,193.1229099,321.6275062,337.9528192,337.8336542
5260,192.9561029,321.6025769,338.0147544,337.8670563
5270,192.9178128,321.7478987,337.9528192,337.7717006
5280,192.3807569,321.7478987,338.2601658,337.9238659
5290,192.4174458,321.9634685,338.3214109,337.7717006
5300,192.1187603,322.1788405,338.1063269,338.0147544
5310,192.0222767,323.1607746,338.0444042,337.9238659
5320,190.8987258,324.9449897,338.3531095,338.2601658
5330,189.9262455,326.6085675,338.2601658,338.0763597
5340,189.047572,328.3722053,338.2601658,338.1063269
5350,187.3583991,329.6763931,338.2601658,338.2291809
5360,187.6810437,330.7185729,338.4752311,338.2601658
5370,187.310514,331.4887537,338.2601658,338.1679183
5380,187.1717122,331.7625545,338.2601658,338.3823284
5390,186.9620463,331.8999847,338.2601658,338.8437168
5400,186.5676368,331.8360886,338.2601658,338.6895975
5410,186.753574,331.7625545,338.2601658,339.0573495
5420,186.753574,331.636397,338.4143348,338.7494945
5430,186.3815605,331.3649182,338.4143348,338.9032624
5440,186.3815605,331.5120718,338.4143348,338.8437168
5450,186.3815605,331.1088006,338.5358009,339.0573495
5460,185.9894477,331.0490048,338.5358009,339.0573495
5470,185.7847384,330.4612177,338.5358009,339.0573495
5480,185.7847384,330.2551187,338.4143348,339.2117543
5490,185.7847384,329.8628159,338.5688327,339.5215125
5500,185.5812158,329.6788341,338.7236584,339.8325265
5510,185.058898,329.2922551,338.7236584,339.8325265
5520,185.6175806,328.9594738,338.7838496,339.7914317
5530,185.4492261,328.6054563,338.7838496,339.6768632
5540,184.8566039,328.276397,338.7236584,340.1016087
5550,185.2623954,327.97906,338.7838496,339.8896012
5560,184.8724507,327.5739047,338.7838496,340.3128838
5570,185.245238,327.0006992,338.7236584,340.3128838
5580,185.058898,326.1887999,338.7236584,340.1016087
5590,185.058898,326.2696401,338.7236584,340.3128838
5600,185.0098751,325.8274531,338.8788107,340.4683653
5610,184.6404583,325.0671819,338.8788107,340.6241467
5620,184.6404583,324.6299513,338.8788107,340.4683653
5630,185.2112559,324.395466,338.8788107,340.6241467
5640,184.4700575,323.9305901,338.8788107,340.6241467
5650,184.6706543,323.6460084,338.9744881,340.6241467
5660,184.4269716,323.6460084,338.9386455,340.733229
5670,184.4412412,323.4158645,339.1900897,340.8345435
5680,184.7942321,323.2158744,339.2492044,340.8885657
5690,184.778888,322.7878718,339.3079989,340.733229
5700,184.5812201,322.3363472,339.2492044,340.8885657
5710,184.9459665,321.8268623,339.4633968,340.9422955
5720,184.7636417,321.4063786,339.2492044,341.0441948
5730,184.9302427,321.296135,339.3079989,340.9422955
5740,184.7484921,321.0348498,339.3079989,341.3563243
5750,184.7484921,320.7499852,339.5610441,341.253099
5760,184.370797,320.9468631,339.5610441,341.4089323
5770,184.370797,320.9468631,339.7174409,341.3563243
5780,184.1893429,321.1436001,339.7174409,341.5650512
5790,184.1760905,321.0348498,339.8165094,341.8781398
5800,183.8261855,321.1225037,339.6010906,341.4089323
5810,183.9825206,321.4273667,339.8165094,341.8781398
5820,183.9699977,321.3401917,339.6594251,341.5650512
5830,183.9699977,321.3401917,339.6594251,342.0351063
5840,183.7900816,321.4273667,339.9739109,341.8781398
5850,184.1368309,321.5142103,339.8001934,342.1923522
5860,183.9451862,321.5142103,339.9163243,342.1923522
5870,183.9451862,321.5142103,339.8584193,342.5076755
5880,184.0983013,321.2968187,339.4241498,342.3999033
5890,184.0856168,321.2968187,339.4241498,342.5076755
5900,183.8964809,321.2968187,339.9008809,342.5573128
5910,183.3560941,321.2968187,339.9008809,342.7149945
5920,183.170066,321.2968187,339.9008809,342.8729468
5930,182.8184398,321.2968187,339.7416441,342.8729468
5940,182.6425453,321.4053499,340.0023366,343.0311679
5950,182.4666009,321.4919396,340.0604423,343.1896561
5960,182.29061,321.5782015,339.8423891,343.0311679
5970,181.5960639,321.795944,340.0023366,343.3007558
5980,181.4057493,321.795944,339.9008809,343.460176
5990,181.0576481,321.9910056,340.0023366,343.3007558
6000,180.5240322,322.2957568,340.0023366,343.3648808
6010,180.3461939,322.2957568,340.0023366,343.4126614
6020,179.4807171,322.2708687,340.1626098,343.460176
6030,178.8065106,322.2708687,340.1626098,343.5727527
6040,177.8038928,322.2708687,340.1045687,343.2528363
6050,176.8108641,322.2708687,340.1045687,343.2528363
6060,176.1525684,322.3806364,339.9439053,343.4126614
6070,175.6651695,322.5751969,340.1045687,343.4126614
6080,175.5121481,322.4651909,340.2655588,343.5727527
6090,175.1812265,322.6593405,340.2655588,343.7331081
6100,175.015885,322.7695819,340.2655588,343.7331081
6110,174.6700491,322.9910352,340.2655588,343.5727527
6120,174.3390279,322.9910352,340.2655588,343.7331081
6130,174.173658,323.0745832,340.2655588,343.9400127
6140,174.3716338,323.1578082,340.2655588,344.1004774
6150,173.8786326,323.1578082,340.2655588,344.1004774
6160,173.8609736,323.4918485,340.3232071,344.2611986
6170,174.1567396,323.3801793,340.3232071,344.2611986
6180,174.5044925,323.3801793,340.484127,344.4221742
6190,174.4724598,323.3801793,340.484127,344.4221742
6200,174.6075274,323.5744621,340.3232071,344.2611986
6210,174.4237067,323.4628911,340.3232071,344.4221742
6220,174.3907256,323.6863546,340.484127,344.1700265
6230,174.7130591,323.297145,340.3232071,344.7448813
6240,174.6973201,323.4628911,340.484127,344.627772
6250,174.7442594,323.1857023,340.484127,344.627772
6260,174.8826852,323.2688328,340.484127,344.788831
6270,175.0524011,323.1857023,340.1626098,344.788831
6280,175.2363583,322.9637871,340.484127,344.788831
6290,175.2222042,322.9637871,340.1626098,344.9501365
6300,175.7698493,322.9637871,340.1045687,345.1116867
6310,175.5882936,322.9637871,340.1626098,345.2734793
6320,175.5752155,323.0471051,340.1626098,345.3159167
6330,175.6012946,323.1578082,340.1626098,344.9934197
6340,175.9384773,323.1578082,339.8423891,345.477524
6350,175.9384773,323.2688328,339.8423891,345.801446
6360,175.9384773,323.3801793,339.8423891,345.9637565
6370,176.130005,323.1578082,340.0023366,346.3680955
6380,175.9504183,323.4628911,340.0023366,346.1262973
6390,175.9504183,323.4628911,340.0023366,346.1262973
6400,175.9622894,323.2407118,339.5640296,345.9637565
6410,175.9384773,323.5744621,339.2442491,346.3286929
6420,175.7698493,323.4628911,339.2442491,346.3680955
6430,175.6270687,323.5744621,338.8026857,346.452061
6440,175.6012946,323.7685463,338.4841153,346.6925681
6450,175.264417,323.8504175,338.4841153,347.0179124
6460,175.4595694,323.8504175,338.2301584,347.1809058
6470,175.446232,323.8504175,338.1669354,347.4170375
6480,175.446232,323.7685463,338.1669354,347.5795701
6490,175.0960996,324.1874081,338.4841153,347.3806777
6500,175.0960996,323.962428,338.4841153,347.615287
6510,175.0960996,323.962428,338.4841153,347.7775839
6520,175.4328162,324.3003787,338.5466004,348.2656621
6530,175.0816193,324.074758,338.2301584,347.9400802
6540,175.0816193,324.3003787,338.7053393,347.9400802
6550,175.0816193,324.5753952,338.1669354,348.1027737
6560,175.0816193,324.5753952,338.3882063,348.1027737
6570,175.0816193,324.6887866,338.3882063,347.9052429
6580,175.0376618,324.5753952,338.3882063,348.4620582
6590,174.8978347,324.4623222,338.3882063,348.6248846
6600,174.8978347,324.6887866,338.072458,348.8201372
6610,175.4057467,324.8024967,338.072458,348.7878974
6620,175.2222042,324.6887866,338.1985905,348.8201372
6630,174.8826852,324.8024967,337.9151063,348.8201372
6640,175.0524011,324.9965708,337.9151063,348.9828884
6650,175.0228347,324.9965708,337.6014537,348.9828884
6660,175.378355,324.7690592,337.6014537,349.1458198
6670,175.3506355,325.0762975,337.509822,349.5325918
6680,175.207966,325.1108036,337.4451552,349.6056756
6690,175.378355,325.3048465,337.1989837,349.6056756
6700,175.1792339,325.0762975,336.8895568,349.1769888
6710,174.8211788,325.3048465,336.5815496,349.6951535
6720,175.3506355,325.3048465,336.4280808,349.1769888
6730,174.8211788,325.3048465,336.27497,349.8578832
6740,174.6334182,325.3048465,336.1222179,349.8286753
6750,174.8211788,325.4986506,336.1222179,350.0207783
6760,174.7740726,325.4986506,335.8177938,349.9158037
6770,174.4278022,325.6135967,335.8177938,349.8578832
6780,174.5844749,325.7288593,335.8177938,350.0778065
6790,174.2548184,325.6922122,335.9017795,350.0493733
6800,173.5050597,325.8073508,335.8177938,350.2677986
6810,173.6791584,325.8073508,335.8858015,350.4296746
6820,173.6598083,326.0385742,335.9698256,350.2677986
6830,173.4851857,326.0385742,335.9698256,350.645124
6840,173.4651902,326.4260724,335.8024183,350.4569037
6850,173.4851857,326.503107,335.8177938,350.6184898
6860,173.2695161,326.6194273,335.7344507,350.7802267
6870,173.0940869,326.6194273,335.7344507,350.9678586
6880,173.0940869,326.8530042,335.7344507,351.1294441
6890,173.1152619,326.6960168,335.6517432,351.1796204
6900,173.0727819,326.888658,335.6517432,351.340462
6910,172.5226697,327.1223097,335.6517432,351.340462
6920,172.8749837,326.9293222,335.6517432,351.2911721
6930,172.1709235,327.1223097,335.6661234,351.044235
6940,172.6761175,327.1978687,335.6517432,351.846915
6950,172.6761175,327.1978687,335.6517432,351.573031
6960,172.6761175,327.5502427,335.8024183,351.7328267
6970,171.8952835,327.6683177,335.5014258,352.0303896
6980,172.097763,327.7429965,335.4328287,351.709534
6990,172.2991661,327.7429965,335.5014258,352.212982
7000,171.8698976,327.8173682,335.5696644,352.234834
7010,171.5137118,327.9354575,335.5696644,352.234834
7020,171.6917239,328.1725534,335.4200156,352.234834
7030,171.9205123,328.0093761,335.4200156,352.5546752
7040,171.5401779,328.127622,335.5696644,352.394695
7050,171.7434171,328.127622,335.5696644,352.5546752
7060,172.2751661,328.2461721,335.5696644,352.7351894
7070,171.7434171,328.2461721,335.7196691,352.8949613
7080,171.6917239,328.3924978,335.4200156,352.8949613
7090,171.5137118,328.3924978,335.351467,353.0353072
7100,171.5664806,328.5110469,335.6517432,352.5755311
7110,171.7434171,328.2742498,335.351467,352.8949613
7120,171.6917239,328.3924978,335.6517432,353.3562809
7130,171.6656355,328.5110469,335.7196691,353.0353072
7140,171.9455856,328.3924978,336.0041898,353.1957404
7150,171.6656355,328.5110469,335.854458,353.214836
7160,171.6129676,328.6298972,336.0041898,353.214836
7170,171.4602833,328.2742498,335.854458,353.214836
7180,172.1776607,328.5110469,336.3047001,353.5712523
7190,171.6129676,328.3924978,336.0041898,353.5351363
7200,171.6393839,328.2010872,336.0041898,353.8558428
7210,171.2261519,328.2010872,336.0707452,353.69544
7220,171.1702553,328.2010872,336.0041898,353.69544
7230,171.4061829,328.2010872,336.0707452,353.8558428
7240,171.1702553,328.3194863,336.0041898,354.0498106
7250,171.0178826,328.4841856,336.0707452,354.2095188
7260,170.6279073,328.3924978,336.0041898,354.5138436
7270,170.7496591,328.7023002,336.136954,354.2256741
7280,170.8085067,328.3924978,336.1542708,354.3850326
7290,171.1982917,328.3924978,336.2864051,354.5292036
7300,170.9605172,328.5110469,336.136954,354.6592594
7310,170.5376778,328.6298972,335.987847,355.16958
7320,170.2050939,328.2742498,335.987847,354.9812347
7330,171.1702553,328.5110469,335.6906685,355.0093662
7340,170.3555944,328.2742498,335.7574591,355.4902325
7350,170.3555944,328.6298972,335.987847,355.6261195
7360,170.1737074,328.3924978,335.6906685,355.4519576
7370,170.3864221,328.6298972,335.6906685,355.8111684
7380,170.567945,328.3194863,335.3948761,355.6137421
7390,170.5376778,328.5571929,335.3271326,356.1323677
7400,170.5376778,328.3194863,335.6235314,355.9603947
7410,170.1103331,328.4652081,336.0540228,355.8111684
7420,170.1737074,328.7023002,335.9055693,356.1105219
7430,170.1737074,328.7023002,336.2028186,356.29306
7440,170.567945,329.0123802,335.9055693,356.4337707
7450,170.7199543,328.8212957,335.9055693,356.6146173
7460,170.8730936,328.8212957,335.9055693,356.29306
7470,170.9024205,328.9405912,335.8390849,356.4538107
7480,170.3245701,328.8212957,336.136954,356.6050765
7490,170.5072175,328.9405912,336.136954,356.7754774
7500,170.1421211,328.9405912,335.987847,356.9363883
7510,170.1103331,328.9405912,335.987847,357.1054873
7520,170.1421211,329.0601865,335.9213262,357.4194014
7530,170.3245701,329.0601865,335.6906685,357.5804908
7540,169.7778314,329.3002774,335.7722547,357.8968628
7550,170.1421211,329.3002774,335.7722547,357.5804908
7560,170.3245701,329.3002774,335.4751571,358.2252057
7570,169.7449182,329.4207731,335.7722547,358.547742
7580,169.7778314,329.4425897,335.4751571,358.7054005
7590,169.7449182,329.4425897,335.4751571,358.7054005
7600,169.7449182,329.6832198,335.6235314,359.0317128
7610,169.5288382,329.8039802,335.3271326,359.1975906
7620,169.4949361,329.8039802,335.6235314,359.1975906
7630,169.5288382,329.8039802,335.3271326,359.6772103
7640,169.1635756,329.733472,335.5425987,0
7650,169.5288382,329.6832198,335.1794587,0
7660,169.2769436,329.9762245,335.4751571,0.482818174
7670,169.4608163,330.0463918,335.3271326,0.48417816
7680,169.1635756,330.0463918,335.6235314,0.481465806
7690,169.1285471,330.0980487,335.3271326,0.96828718
7700,169.0221063,329.9762245,335.4622715,0.800168359
7710,168.8375467,330.0980487,335.3271326,1.440093362
7720,169.2769436,330.2377405,335.4751571,1.91981013
7730,168.873825,330.2377405,335.6235314,2.079659225
7740,168.873825,330.2377405,335.8239057,2.399257793
7750,168.873825,330.4815831,335.3271326,3.03798723
7760,168.873825,330.4815831,335.3271326,3.206495855
7770,169.0221063,330.4815831,335.4622715,3.197557774
7780,169.2420329,330.4815831,335.3825435,3.835319097
7790,168.6161375,330.4815831,335.3825435,3.814074834
7800,168.801034,330.4815831,335.8239057,3.803540586
7810,168.873825,330.4815831,335.7428496,4.119452866
7820,168.801034,330.8637005,335.5293214,4.750506482
7830,169.2420329,330.9862922,335.6764424,5.237476067
7840,168.7642848,330.8637005,335.9717106,5.051689344
7850,168.6532214,330.9862922,335.7428496,5.395264568
7860,168.5788137,331.1091757,335.7428496,5.851986329
7870,168.9499947,330.9180732,335.3825435,5.694878442
7880,168.7642848,331.0963545,335.8089169,6.340191746
7890,168.3935849,331.2323507,335.5960283,6.617987288
7900,168.7642848,331.1644992,335.5960283,7.105481478
7910,167.9052429,331.2323507,335.4369824,7.222127747
7920,168.1698867,331.2323507,335.4369824,7.491796989
7930,167.9845816,330.9862922,335.2361093,7.687672696
7940,168.1698867,331.2323507,335.3825435,8.019278934
7950,167.9450409,330.9728101,335.6623946,7.864024795
7960,168.2086017,331.2323507,335.8089169,8.438377978
7970,168.2086017,331.4795749,335.5162104,8.284300543
7980,167.5331113,331.4795749,335.2248594,8.923988444
7990,167.9845816,331.2323507,335.2248594,9.539091853
8000,168.1698867,331.3558171,335.4369824,9.38551826
8010,167.7995313,331.4795749,335.2248594,9.692527226
8020,167.7594187,331.4795749,335.1576109,10.17944248
8030,167.3056578,331.6136572,335.2917677,10.42946252
8040,167.5740571,331.6706202,335.4369824,10.58163552
8050,167.9450409,331.6706202,335.4369824,10.70493089
8060,167.3474435,331.794769,335.4369824,11.37062713
8070,167.7594187,331.794769,335.2917677,11.49143909
8080,167.3474435,331.9275131,335.2248594,11.94417719
8090,167.3474435,331.6136572,335.3703651,11.91238955
8100,166.1028237,331.794769,335.3703651,12.51218578
8110,166.5634489,331.9192069,335.5032624,12.81105065
8120,166.3786021,332.0439339,335.794115,12.96021869
8130,166.5634489,331.794769,335.794115,13.25801748
8140,166.1940438,332.0515655,335.794115,13.25801748
8150,166.4675434,331.9855299,335.794115,13.88800116
8160,166.1940438,332.1100624,335.794115,13.73956894
8170,165.9637565,332.1100624,335.794115,14.25703536
8180,166.0555031,332.1100624,335.9400417,14.55075235
8190,165.7792297,332.234882,335.8746468,14.73583583
8200,165.7792297,332.234882,335.8089169,15.0290748
8210,164.7276908,332.0362177,337.1902889,15.6769852
8220,165.1568271,331.9694143,336.8230224,15.9248303
8230,165.106527,332.2942544,336.8230224,16.52579639
8240,164.8657219,332.2942544,337.1263348,16.58427919
8250,164.2972671,332.2282317,337.1263348,17.01468328
8260,164.6425066,332.1619188,336.8230224,17.05859589
8270,164.5908147,332.1619188,336.7580693,17.25618965
8280,164.402821,332.4141966,337.0620405,17.63727043
8290,164.2972671,332.2282317,336.974508,17.63727043
8300,164.1084788,332.3540246,337.0620405,17.72762945
8310,164.7791491,332.2282317,337.0387918,17.91962864
8320,164.8302699,332.5407729,337.0387918,18.15500425
8330,164.402821,332.4141966,337.2145408,18.52781062
8340,164.0812533,332.3540246,336.974508,18.80881483
8350,164.162,332.4198474,336.974508,18.85315876
8360,164.2679952,332.6718981,336.974508,19.13081476
8370,164.0812533,332.5457287,336.974508,19.45632129
8380,164.2679952,332.7370281,337.2785018,19.4967152
8390,163.9741326,332.7370281,337.2785018,19.87051671
8400,163.8409145,332.6064803,336.909883,19.97053614
8410,164.5069998,332.9898185,337.2145408,20.33330557
8420,164.0278679,332.8632804,337.2145408,20.33330557
8430,163.5994603,332.9250999,337.1502379,20.43553144
8440,163.9484518,333.1794509,336.8449142,20.71071252
8450,163.8409145,333.0521319,336.909883,20.81506597
8460,164.0812533,333.0521319,337.1502379,21.00568593
8470,163.5231186,333.1794509,337.1502379,21.52647983
8480,163.4126614,333.3714984,337.1502379,21.38862283
8490,163.5994603,333.4349488,336.8449142,21.69063963
8500,163.9484518,333.4349488,336.909883,22.04932237
8510,163.8948579,333.3077664,337.1502379,21.85642222
8520,163.708812,333.4349488,336.974508,21.91169959
8530,163.708812,333.4349488,336.7795991,22.1051433
8540,163.2821834,333.7532554,337.2785018,22.1051433
8550,163.6543141,333.6901622,337.2145408,22.57413808
8560,163.096659,333.6267867,336.8449142,22.71122748
8570,163.708812,333.4988237,336.9974034,23.1008496
8580,162.9114989,333.8810693,337.1502379,23.15940052
8590,163.096659,334.0715424,337.1502379,23.296465
8600,163.096659,334.1996969,336.8449142,23.62937773
8610,162.9114989,334.1375374,336.8449142,23.49261349
8620,163.096659,334.3281292,336.9324209,23.68929263
8630,162.6691158,334.0715424,336.7795991,23.82603461
8640,162.2995722,334.4568388,336.7795991,23.76585692
8650,162.484156,334.5243346,336.7795991,24.17357773
8660,162.7839264,334.2661909,336.6271263,24.30891034
8670,162.8544491,334.2661909,336.6271263,24.49341163
8680,162.1811111,334.7150884,336.5611312,24.8273225
8690,162.2995722,334.3897901,336.6927714,24.55549736
8700,162.6691158,334.6470395,336.5611312,24.89994512
8710,162.8544491,334.6470395,336.6927714,25.02593209
8720,162.484156,334.5858253,336.6927714,25.23283132
8730,162.2995722,334.9744424,336.6927714,25.23283132
8740,161.8714428,334.6538241,336.5611312,25.76932762
8750,161.9912606,334.9053881,336.5611312,25.76932762
8760,162.1745578,335.2348972,336.5611312,25.96755022
8770,162.1745578,335.1648324,336.6479194,26.16624709
8780,161.7481042,335.2949644,336.6479194,26.23193993
8790,162.2995722,335.2348972,336.7139351,26.49858279
8800,161.6874779,335.4849293,336.5815496,26.56505118
8810,161.6874779,335.6153699,336.9552528,26.69814218
8820,161.6874779,335.6153699,336.5815496,26.69814218
8830,161.6874779,335.6153699,336.5815496,26.83092296
8840,162.0557953,335.7460803,336.7353752,27.03086026
8850,161.4423623,335.8770599,336.8895568,27.29531705
8860,161.8714428,335.8770599,336.8895568,27.36354693
8870,161.5039031,336.0083083,336.8895568,27.56429485
8880,161.2586596,336.0083083,336.8235058,27.69617976
8890,161.6264614,336.0083083,336.8235058,27.76548554
8900,161.7481042,336.0083083,336.7353752,27.89727103
8910,161.6264614,336.0083083,336.7570972,28.36119433
8920,161.7481042,336.2557519,336.7570972,28.23015724
8930,161.5650512,336.3870488,336.7570972,28.36119433
8940,161.5039031,336.3870488,336.7570972,28.63427832
8950,161.8109543,336.1247191,336.6022361,28.76508772
8960,161.6874779,336.1247191,336.7570972,28.96766065
8970,161.5650512,336.2716089,337.0678996,29.22805194
8980,161.7481042,336.0083083,336.6903282,29.30088027
8990,161.5650512,336.2716089,336.8458938,29.56035446
9000,161.7481042,336.1398248,337.0018214,29.63391479
9010,161.8714428,336.2557519,337.0018214,29.76335189
9020,161.8714428,336.2557519,337.1581101,30.04136393
9030,161.8714428,336.5186093,337.0255702,30.17052041
9040,161.5039031,336.3870488,336.8685792,30.57922687
9050,161.4423623,336.3294615,336.8685792,30.57922687
9060,161.137934,336.3294615,337.0255702,30.65544141
9070,161.137934,336.461267,337.0255702,30.78414653
9080,161.320721,336.4036601,337.0920216,31.2454948
9090,161.5039031,336.5359776,337.4063874,31.52898804
9100,161.137934,336.7256716,337.4063874,31.52898804
9110,161.137934,336.7825187,337.4063874,31.52898804
9120,161.4423623,337.2361761,337.4063874,31.89363343
9130,161.4423623,337.2361761,337.657179,32.22875744
9140,161.4423623,337.5021824,337.657179,32.27564431
9150,160.9555446,337.2361761,337.340648,32.4827044
9160,161.137934,337.9031156,337.8159867,32.73522627
9170,160.9555446,337.7692157,337.4329909,32.97965298
9180,160.9555446,337.9829912,337.8455117,33.06776275
9190,161.4423623,338.2254395,337.9105136,33.35719819
9200,161.4423623,337.957403,337.7509763,33.48232449
9210,161.0123759,338.3063399,337.6856034,33.69006753
9220,160.8924529,338.4412535,337.6856034,33.93881754
9230,160.8924529,338.4944816,338.1018072,34.02245411
9240,160.5815293,338.7118346,337.7144124,34.43898931
9250,160.7099538,338.8475003,337.7144124,34.56252465
9260,160.5815293,338.8475003,338.0057844,34.77099171
9270,160.8924529,339.0674646,338.0057844,35.10244019
9280,160.5278607,339.4439548,338.3274172,35.18874313
9290,160.8924529,339.4439548,338.4249271,35.52024677
9300,160.8289575,339.5805764,338.1018072,35.64210498
9310,160.3984173,339.8545475,338.2631855,35.93907327
9320,160.8924529,340.1294833,338.2631855,36.060435
9330,160.8924529,340.2673105,338.2631855,36.39069686
9340,160.8924529,340.405376,338.1985905,36.47972812
9350,160.8924529,340.4946616,338.3607174,36.80993348
9360,160.4633451,340.5845345,338.1985905,36.84002498
9370,160.5815293,341.0078975,338.1985905,37.13945238
9380,160.4633451,341.2387158,338.4590241,37.44043424
9390,160.4633451,341.0992421,338.4590241,37.65101876
9400,160.4633451,341.1911852,338.3944728,37.76975736
9410,160.5815293,341.4714307,338.2961428,37.62374598
9420,160.8924529,341.6118997,338.7858843,37.86180312
9430,160.7099538,341.7525981,338.4590241,38.30873557
9440,160.6459464,341.8472941,338.4590241,38.28394957
9450,160.4633451,342.2214389,338.7858843,38.49530073
9460,160.6459464,342.5042421,338.6222717,38.70682981
9470,160.7650547,342.6459754,338.9498604,38.91853128
9480,160.7650547,342.7438103,338.7221239,39.15210848
9490,160.7650547,342.6994728,338.7221239,39.05752675
9500,160.8924529,342.8863011,338.8864999,39.36336412
9510,160.8924529,342.9414041,338.8864999,39.67066705
9520,160.4633451,343.1719371,338.9879199,39.78633141
9530,160.6459464,343.2720361,338.657997,40.11299017
9540,160.6459464,343.4157208,338.9879199,40.11299017
9550,160.2157213,343.5596205,338.8227744,40.22756117
9560,160.3984173,343.6614648,338.8864999,40.53614882
9570,160.4633451,343.7639758,338.8227744,40.63393251
9580,160.3984173,343.8671595,338.8227744,40.86150644
9590,160.3984173,344.0129193,338.4935891,40.86150644
9600,160.3984173,344.1588919,338.657997,41.3838861
9610,160.3984173,344.3460772,338.8227744,41.18592517
9620,160.4633451,344.492127,338.8227744,41.92026517
9630,160.4633451,344.492127,338.8227744,41.60866058
9640,160.3984173,344.5575534,338.7586809,42.02075148
9650,160.3330738,344.5168262,338.8227744,42.46457377
9660,160.3330738,344.5575534,338.8227744,42.34439956
9670,159.9670855,344.7047113,338.7586809,42.76882539
9680,160.1498686,345.1474211,338.657997,42.76882539
9690,160.2157213,344.8520763,338.7586809,42.98113313
9700,160.3984173,345.2564372,339.0901532,43.20017033
9710,160.3984173,344.9996467,338.8227744,43.30284381
9720,160.3330738,345.366169,338.6942164,43.30284381
9730,160.3984173,345.217274,338.7586809,43.52036423
9740,160.3330738,345.4049728,338.7586809,43.52036423
9750,160.083594,345.366169,339.0901532,43.83947075
9760,160.083594,345.1779068,338.8601752,43.72696998
9770,160.2157213,345.217274,339.0265066,44.04692338
9780,160.7650547,345.7380357,339.0265066,44.2559408
9790,160.2157213,345.5878054,338.6942164,44.15436724
9800,160.3984173,345.7761482,338.8601752,44.57559458
9810,159.9670855,345.7761482,339.0265066,44.47242946
9820,160.1498686,345.9262102,339.3602808,44.68228174
9830,160.1498686,345.8884665,339.6331879,44.5771606
9840,160.1498686,345.8884665,339.2970966,45
9850,160.1498686,345.8505239,339.0656316,45
9860,159.9003034,345.9637565,339.193209,45.10590705
9870,159.9003034,346.1153323,339.193209,45.21142258
9880,159.9003034,346.07774,339.193209,45.73857871
9890,160.2157213,346.07774,339.193209,45.73857871
9900,160.083594,345.9257872,338.8601752,45.74130883
9910,159.9003034,346.2671066,339.1296065,46.16481838
9920,160.2673105,346.1153323,338.962489,46.05311263
9930,159.9003034,346.192481,338.7957455,46.26833403
9940,160.2673105,346.192481,339.193209,46.37146017
9950,160.0168935,346.192481,339.1296065,46.47963577
9960,159.7174409,346.1548692,338.7957455,46.68468432
9970,160.3330738,346.4981454,338.7957455,46.58235392
9980,160.1498686,346.4981454,339.256442,46.79320479
9990,160.3330738,346.5781649,339.1296065,46.79320479
10000,160.1498686,346.8045949,338.962489,47.21475513
10010,160.3857813,346.3452141,338.6942164,46.9966589
10020,160.0168935,346.4242619,339.1296065,47.21475513
10030,160.2011236,346.4613026,338.9242323,47.21475513
10040,160.0168935,346.5781649,338.9242323,47.52611691
10050,159.8330931,346.8504979,338.962489,47.10551419
10060,159.8330931,346.5413154,339.256442,47.41655308
10070,159.9670855,346.8865618,339.5277205,47.43439897
10080,159.9003034,346.8865618,339.256442,47.6360657
10090,159.8330931,346.695808,339.193209,47.72631099
10100,159.9003034,346.9695211,339.193209,47.85712305
10110,159.9003034,347.0410519,338.8601752,47.85712305
10120,159.9003034,346.8504979,339.0265066,47.73631899
10130,159.7174409,347.160462,339.193209,47.73631899
10140,159.9003034,346.8504979,339.3602808,47.53542623
10150,159.5350088,347.160462,339.193209,47.64579704
10160,159.9003034,346.8504979,339.3602808,47.54480438
10170,159.8330931,347.4365306,339.3602808,47.74640068
10180,159.4667909,347.1249984,339.0265066,47.75655687
10190,159.5815745,347.2454144,339.0265066,48.06837129
10200,159.4667909,347.2806689,339.5277205,47.86770695
10210,159.2842934,347.5581357,339.3602808,48.16812038
10220,159.4667909,347.5581357,339.4855488,47.96823403
